{"q_table": {"1,1": [-0.5, 0.4655, 0.6950000000000001], "2,1": [-0.5, 0.4655, 0.6950000000000001], "3,1": [-0.5, 0.6815, 0.6950000000000001], "4,1": [-0.5, 0.6815, 0.6950000000000001], "4,0": [0.195, -0.48450000000000004, -0.5], "3,0": [0.195, -0.69105, -0.5], "2,0": [0.5, -0.255, -0.5]}, "n_levels": 4, "epsilon": 0.1, "learning_rate": 0.1, "discount_factor": 0.9}